{
    "shifts": [
        7166.923070150527, 
        1511.4428069926316, 
        149451.75438596492, 
        490.2785087719298, 
        5655.480263157895, 
        341.92105263157896, 
        7.903135733841888, 
        0.8441247002398081
    ], 
    "columns": [
        "TotalIncome", 
        "CoapplicantIncome", 
        "LoanAmount", 
        "MonthlyLoan", 
        "ApplicantIncome", 
        "Loan_Amount_Term", 
        "MonthlyLoan_Percentage", 
        "Credit_History"
    ], 
    "inv_scales": [
        0.00014338552992106468, 
        0.0003957161771796973, 
        1.1162147320989181e-05, 
        0.0017710007677178064, 
        0.00014805431238205181, 
        0.015634813605395675, 
        0.11272592424997943, 
        2.753510156476311
    ]
}