{
    "usedGridSearch": true, 
    "probaAware": true, 
    "gridSize": 2, 
    "rawImportance": {
        "variables": [
            "ApplicantIncome", 
            "CoapplicantIncome", 
            "LoanAmount", 
            "Loan_Amount_Term", 
            "MonthlyLoan", 
            "MonthlyLoan_Percentage", 
            "TotalIncome", 
            "dummy:Property_Area:Semiurban", 
            "dummy:Property_Area:Urban", 
            "dummy:Property_Area:Rural", 
            "dummy:Gender:Male", 
            "dummy:Gender:Female", 
            "dummy:Gender:N/A", 
            "dummy:Married:Yes", 
            "dummy:Married:No", 
            "dummy:Married:N/A", 
            "dummy:Self_Employed:No", 
            "dummy:Self_Employed:Yes", 
            "dummy:Self_Employed:N/A", 
            "dummy:Education:Graduate", 
            "dummy:Education:Not Graduate", 
            "dummy:Credit_History:1", 
            "dummy:Credit_History:0", 
            "dummy:Credit_History:N/A", 
            "dummy:Dependents:0", 
            "dummy:Dependents:2", 
            "dummy:Dependents:1", 
            "dummy:Dependents:3+", 
            "dummy:Dependents:N/A"
        ], 
        "importances": [
            0.0890352890122168, 
            0.06866430163382492, 
            0.09329595885734002, 
            0.026400554519990804, 
            0.09186466804844207, 
            0.10490181824594455, 
            0.09332573649331731, 
            0.02137932163514446, 
            0.01100992959020789, 
            0.02503178323767999, 
            0.008956058507246565, 
            0.009658908271015178, 
            0.003206982971295355, 
            0.008997496089931402, 
            0.012008534141216465, 
            0.00018807679085349144, 
            0.009543877581344366, 
            0.009263705434874026, 
            0.0057258528041928755, 
            0.008729946803592445, 
            0.009043922318564258, 
            0.08091697378833616, 
            0.13820513675828433, 
            0.020095592137105756, 
            0.0116341650414914, 
            0.01488376445917971, 
            0.010474128136398485, 
            0.009689838881034977, 
            0.003867677809933975
        ]
    }, 
    "modelInputNRows": 456, 
    "modelInputNCols": 38, 
    "modelInputMemory": 138624, 
    "gridCells": [
        {
            "scoreTimeStd": 0.03611094017053557, 
            "scoreTime": 1.021, 
            "fitTime": 3.390333333333333, 
            "score": 0.7183143860777738, 
            "params": {
                "max_features": "auto", 
                "n_estimators": 100, 
                "min_samples_split": 3, 
                "max_depth": 13, 
                "min_samples_leaf": 1
            }, 
            "fitTimeStd": 0.2657270947586808, 
            "scoreStd": 0.04486433429768551
        }, 
        {
            "scoreTimeStd": 0.18479778738454156, 
            "scoreTime": 0.5006666666666666, 
            "fitTime": 2.2616666666666667, 
            "score": 0.708977421146114, 
            "params": {
                "max_features": "auto", 
                "n_estimators": 100, 
                "min_samples_split": 3, 
                "max_depth": 6, 
                "min_samples_leaf": 1
            }, 
            "fitTimeStd": 1.161572019099787, 
            "scoreStd": 0.04658227031089446
        }
    ], 
    "gridBestScore": 0.7183143860777738, 
    "modelInputIsSparse": false
}