{
    "shifts": [
        6985.156538463558, 
        1610.4353846174038, 
        145372.59615384616, 
        454.6875, 
        5374.721153846154, 
        343.41346153846155, 
        7.4987959535806485
    ], 
    "columns": [
        "TotalIncome", 
        "CoapplicantIncome", 
        "LoanAmount", 
        "MonthlyLoan", 
        "ApplicantIncome", 
        "Loan_Amount_Term", 
        "MonthlyLoan_Percentage"
    ], 
    "inv_scales": [
        0.00016236331477247632, 
        0.000368417812804258, 
        1.3364858629353557e-05, 
        0.002835743203159837, 
        0.0001694418486300614, 
        0.01553720375798409, 
        0.15245385452929766
    ]
}