{
    "usedGridSearch": true, 
    "probaAware": true, 
    "gridSize": 2, 
    "rawImportance": {
        "variables": [
            "ApplicantIncome", 
            "CoapplicantIncome", 
            "Credit_History", 
            "LoanAmount", 
            "Loan_Amount_Term", 
            "MonthlyLoan", 
            "MonthlyLoan_Percentage", 
            "TotalIncome", 
            "dummy:Property_Area:Semiurban", 
            "dummy:Property_Area:Urban", 
            "dummy:Property_Area:Rural", 
            "dummy:Self_Employed:No", 
            "dummy:Self_Employed:Yes", 
            "dummy:Self_Employed:N/A", 
            "dummy:Education:Graduate", 
            "dummy:Education:Not Graduate", 
            "dummy:Dependents:0", 
            "dummy:Dependents:1", 
            "dummy:Dependents:2", 
            "dummy:Dependents:3+", 
            "dummy:Dependents:N/A"
        ], 
        "importances": [
            0.11569473960163698, 
            0.08131314863925773, 
            0.2232572602926983, 
            0.09406539852803024, 
            0.020321785682728355, 
            0.09098648483079863, 
            0.10658543672984551, 
            0.11031165681717373, 
            0.028203565564001533, 
            0.01466114670022282, 
            0.018009154738253378, 
            0.009566176050711535, 
            0.009079415184523145, 
            0.00759929934136733, 
            0.010702537775040473, 
            0.00853719261211946, 
            0.013084728781163511, 
            0.01337702468713027, 
            0.008912019486852312, 
            0.010513462534151318, 
            0.0052183654222934875
        ]
    }, 
    "modelInputNRows": 456, 
    "modelInputNCols": 27, 
    "modelInputMemory": 98496, 
    "gridCells": [
        {
            "scoreTimeStd": 0.08772051578102402, 
            "scoreTime": 0.7976666666666666, 
            "fitTime": 2.7466666666666666, 
            "score": 0.7822645039436722, 
            "params": {
                "max_features": "auto", 
                "n_estimators": 100, 
                "min_samples_split": 3, 
                "max_depth": 6, 
                "min_samples_leaf": 1
            }, 
            "fitTimeStd": 0.2706194540104034, 
            "scoreStd": 0.03878446416671089
        }, 
        {
            "scoreTimeStd": 0.22423350924129662, 
            "scoreTime": 0.43, 
            "fitTime": 1.6973333333333331, 
            "score": 0.7861788361270048, 
            "params": {
                "max_features": "auto", 
                "n_estimators": 100, 
                "min_samples_split": 3, 
                "max_depth": 13, 
                "min_samples_leaf": 1
            }, 
            "fitTimeStd": 0.42360227677491163, 
            "scoreStd": 0.03676025716611192
        }
    ], 
    "gridBestScore": 0.7861788361270048, 
    "modelInputIsSparse": false
}