{
    "shifts": [
        7314.749824536491, 
        1713.1094736592981, 
        149122.80701754385, 
        485.93859649122805, 
        5601.640350877193, 
        342.4736842105263, 
        7.5719989005301835
    ], 
    "columns": [
        "TotalIncome", 
        "CoapplicantIncome", 
        "LoanAmount", 
        "MonthlyLoan", 
        "ApplicantIncome", 
        "Loan_Amount_Term", 
        "MonthlyLoan_Percentage"
    ], 
    "inv_scales": [
        0.00013927154077518917, 
        0.0003094674549933574, 
        1.1144448990987509e-05, 
        0.001831715447791951, 
        0.00014662528718484722, 
        0.01540802650299375, 
        0.15086945351869294
    ]
}