{
    "shifts": [
        7314.749824536491, 
        1713.1094736592981, 
        149122.80701754385, 
        485.93859649122805, 
        5601.640350877193, 
        342.4736842105263, 
        7.5719989005301835, 
        0.9978070175438601, 
        0.21742819631827134, 
        -0.2652339657386225, 
        0.9978070175438569, 
        0.259756238286038, 
        -0.5704795477658582, 
        0.9978070175438603, 
        0.2802381092829777, 
        -0.34177846602979756, 
        0.9978070175438589, 
        0.19889506715457966, 
        -0.35361017540807976, 
        0.9978070175438598, 
        0.201880464865683, 
        -0.30680472779409473, 
        0.9978070175438458, 
        0.4827529897877203, 
        -1.0999172100755998, 
        0.997807017543859, 
        0.19321253143637054, 
        -0.6995694017817202
    ], 
    "columns": [
        "TotalIncome", 
        "CoapplicantIncome", 
        "LoanAmount", 
        "MonthlyLoan", 
        "ApplicantIncome", 
        "Loan_Amount_Term", 
        "MonthlyLoan_Percentage", 
        "NUM_DERIVATIVE:TotalIncome^2", 
        "NUM_DERIVATIVE:sqrt(TotalIncome)", 
        "NUM_DERIVATIVE:log(TotalIncome)", 
        "NUM_DERIVATIVE:CoapplicantIncome^2", 
        "NUM_DERIVATIVE:sqrt(CoapplicantIncome)", 
        "NUM_DERIVATIVE:log(CoapplicantIncome)", 
        "NUM_DERIVATIVE:LoanAmount^2", 
        "NUM_DERIVATIVE:sqrt(LoanAmount)", 
        "NUM_DERIVATIVE:log(LoanAmount)", 
        "NUM_DERIVATIVE:MonthlyLoan^2", 
        "NUM_DERIVATIVE:sqrt(MonthlyLoan)", 
        "NUM_DERIVATIVE:log(MonthlyLoan)", 
        "NUM_DERIVATIVE:ApplicantIncome^2", 
        "NUM_DERIVATIVE:sqrt(ApplicantIncome)", 
        "NUM_DERIVATIVE:log(ApplicantIncome)", 
        "NUM_DERIVATIVE:Loan_Amount_Term^2", 
        "NUM_DERIVATIVE:sqrt(Loan_Amount_Term)", 
        "NUM_DERIVATIVE:log(Loan_Amount_Term)", 
        "NUM_DERIVATIVE:MonthlyLoan_Percentage^2", 
        "NUM_DERIVATIVE:sqrt(MonthlyLoan_Percentage)", 
        "NUM_DERIVATIVE:log(MonthlyLoan_Percentage)"
    ], 
    "inv_scales": [
        0.00013927154077518917, 
        0.0003094674549933574, 
        1.1144448990987509e-05, 
        0.001831715447791951, 
        0.00014662528718484722, 
        0.01540802650299375, 
        0.15086945351869294, 
        0.15694425096592493, 
        2.1601278939635824, 
        1.1130915903602898, 
        0.11407009914598946, 
        2.3071237903656856, 
        0.8569632622294587, 
        0.2858774003203021, 
        2.0444767249256515, 
        1.016134335255015, 
        0.08199422674828415, 
        2.335075000780167, 
        0.8925925964269147, 
        0.13773846606344375, 
        2.212490104611501, 
        1.031467981250002, 
        0.3454939659079274, 
        4.311656618143041, 
        1.9193184457995422, 
        0.06937824314319353, 
        2.5996821543503614, 
        0.7594879240561245
    ]
}