{
    "pw_linear": {
        "shifts": {
            "pw_linear:CoapplicantIncome+MonthlyLoan_MonthTerm_Ratio": -5.49773901617265e-16, 
            "pw_linear:MonthlyLoan_MonthTerm_Ratio+ApplicantIncome": -6.59728681940718e-16, 
            "pw_linear:CoapplicantIncome-MonthlyLoan_MonthTerm_Ratio": 6.282367788383698e-16, 
            "pw_linear:TotalIncome+MonthlyLoan_Percentage": 6.004812032227409e-17, 
            "pw_linear:TotalIncome-LoanAmount": -1.2009624064454819e-17, 
            "pw_linear:MonthlyLoan_MonthTerm_Ratio+MonthlyLoan_Percentage": -4.536969091016265e-16, 
            "pw_linear:MonthlyLoan+Loan_Amount_Term": -1.449161303777548e-16, 
            "pw_linear:LoanAmount-ApplicantIncome": 6.631981288926717e-17, 
            "pw_linear:TotalIncome+ApplicantIncome": -1.214306433183765e-16, 
            "pw_linear:CoapplicantIncome+LoanAmount": 2.6688053476566264e-17, 
            "pw_linear:CoapplicantIncome-MonthlyLoan_Percentage": -1.1182294406681265e-16, 
            "pw_linear:LoanAmount-MonthlyLoan": -1.0008020053712349e-17, 
            "pw_linear:Loan_Amount_Term+MonthlyLoan_Percentage": 5.471050962696084e-18, 
            "pw_linear:TotalIncome-MonthlyLoan": -4.123304262129488e-17, 
            "pw_linear:CoapplicantIncome-ApplicantIncome": 8.513489059024638e-17, 
            "pw_linear:MonthlyLoan-MonthlyLoan_Percentage": -1.3397402845236263e-16, 
            "pw_linear:ApplicantIncome+Loan_Amount_Term": -2.1964268011214034e-16, 
            "pw_linear:MonthlyLoan+ApplicantIncome": -1.1716055476212589e-16, 
            "pw_linear:CoapplicantIncome+ApplicantIncome": -6.271692566993072e-17, 
            "pw_linear:MonthlyLoan+MonthlyLoan_Percentage": 1.1729399502950872e-16, 
            "pw_linear:MonthlyLoan-Loan_Amount_Term": 1.6199648460275722e-16, 
            "pw_linear:MonthlyLoan_MonthTerm_Ratio-MonthlyLoan_Percentage": -7.259150545626023e-16, 
            "pw_linear:TotalIncome+Loan_Amount_Term": -1.840141287209244e-16, 
            "pw_linear:ApplicantIncome-MonthlyLoan_Percentage": -2.292503793637042e-16, 
            "pw_linear:ApplicantIncome+MonthlyLoan_Percentage": 6.8621657501621e-17, 
            "pw_linear:ApplicantIncome-Loan_Amount_Term": 4.149992315606054e-17, 
            "pw_linear:LoanAmount-MonthlyLoan_Percentage": -1.513212632121307e-16, 
            "pw_linear:CoapplicantIncome+Loan_Amount_Term": -1.8601573273166685e-16, 
            "pw_linear:CoapplicantIncome-Loan_Amount_Term": 2.284497377594072e-16, 
            "pw_linear:LoanAmount+MonthlyLoan_Percentage": 1.2560065167408999e-16, 
            "pw_linear:Loan_Amount_Term-MonthlyLoan_Percentage": -3.2586113294887406e-16, 
            "pw_linear:LoanAmount+MonthlyLoan": -3.642919299551295e-17, 
            "pw_linear:TotalIncome+LoanAmount": -9.767827572423252e-17, 
            "pw_linear:LoanAmount+ApplicantIncome": -1.2743545535060392e-16, 
            "pw_linear:TotalIncome+MonthlyLoan": -2.8823097754691566e-17, 
            "pw_linear:LoanAmount-Loan_Amount_Term": 1.3010426069826053e-16, 
            "pw_linear:MonthlyLoan_MonthTerm_Ratio-Loan_Amount_Term": -4.472917762672506e-16, 
            "pw_linear:TotalIncome-MonthlyLoan_MonthTerm_Ratio": 5.583140787297663e-16, 
            "pw_linear:MonthlyLoan-ApplicantIncome": 8.333344698057816e-17, 
            "pw_linear:TotalIncome-Loan_Amount_Term": 9.821203679376384e-17, 
            "pw_linear:LoanAmount+Loan_Amount_Term": -1.688019382392816e-16, 
            "pw_linear:LoanAmount-MonthlyLoan_MonthTerm_Ratio": 5.348285916703879e-16, 
            "pw_linear:MonthlyLoan_MonthTerm_Ratio+Loan_Amount_Term": -6.821466468610337e-16, 
            "pw_linear:MonthlyLoan-MonthlyLoan_MonthTerm_Ratio": 6.106226635438361e-16, 
            "pw_linear:CoapplicantIncome+MonthlyLoan": 3.843079700625542e-17, 
            "pw_linear:MonthlyLoan+MonthlyLoan_MonthTerm_Ratio": -5.455038130610144e-16, 
            "pw_linear:TotalIncome-CoapplicantIncome": -6.258348540254789e-17, 
            "pw_linear:MonthlyLoan_MonthTerm_Ratio-ApplicantIncome": -5.156131931672602e-16, 
            "pw_linear:CoapplicantIncome-MonthlyLoan": 3.682951379766144e-17, 
            "pw_linear:TotalIncome+MonthlyLoan_MonthTerm_Ratio": -6.106226635438361e-16, 
            "pw_linear:TotalIncome-MonthlyLoan_Percentage": -1.3757691567169908e-16, 
            "pw_linear:CoapplicantIncome+MonthlyLoan_Percentage": 1.3370714791759698e-16, 
            "pw_linear:CoapplicantIncome-LoanAmount": 5.591147203340633e-17, 
            "pw_linear:TotalIncome+CoapplicantIncome": 9.07393818203253e-18, 
            "pw_linear:LoanAmount+MonthlyLoan_MonthTerm_Ratio": -6.106226635438361e-16, 
            "pw_linear:TotalIncome-ApplicantIncome": 4.4969370108014154e-17
        }, 
        "inv_scales": {
            "pw_linear:CoapplicantIncome+MonthlyLoan_MonthTerm_Ratio": 0.7085944595788917, 
            "pw_linear:MonthlyLoan_MonthTerm_Ratio+ApplicantIncome": 0.7308757420846633, 
            "pw_linear:CoapplicantIncome-MonthlyLoan_MonthTerm_Ratio": 0.7056284336647405, 
            "pw_linear:TotalIncome+MonthlyLoan_Percentage": 0.7768492258993627, 
            "pw_linear:TotalIncome-LoanAmount": 1.0461510062540693, 
            "pw_linear:MonthlyLoan_MonthTerm_Ratio+MonthlyLoan_Percentage": 0.6999033182443153, 
            "pw_linear:MonthlyLoan+Loan_Amount_Term": 0.9766210806370642, 
            "pw_linear:LoanAmount-ApplicantIncome": 0.9838743216789296, 
            "pw_linear:TotalIncome+ApplicantIncome": 0.5130476663935142, 
            "pw_linear:CoapplicantIncome+LoanAmount": 0.6506087302487691, 
            "pw_linear:CoapplicantIncome-MonthlyLoan_Percentage": 0.678093754455406, 
            "pw_linear:LoanAmount-MonthlyLoan": 1.2029185573835033, 
            "pw_linear:Loan_Amount_Term+MonthlyLoan_Percentage": 0.9528364529458508, 
            "pw_linear:TotalIncome-MonthlyLoan": 0.8948239297070216, 
            "pw_linear:CoapplicantIncome-ApplicantIncome": 0.6642796421707838, 
            "pw_linear:MonthlyLoan-MonthlyLoan_Percentage": 1.2006219042713897, 
            "pw_linear:ApplicantIncome+Loan_Amount_Term": 0.7141496545437919, 
            "pw_linear:MonthlyLoan+ApplicantIncome": 0.610380944155811, 
            "pw_linear:CoapplicantIncome+ApplicantIncome": 0.7594521595890275, 
            "pw_linear:MonthlyLoan+MonthlyLoan_Percentage": 0.5499592701823616, 
            "pw_linear:MonthlyLoan-Loan_Amount_Term": 0.5820696339697033, 
            "pw_linear:MonthlyLoan_MonthTerm_Ratio-MonthlyLoan_Percentage": 0.7145373386861158, 
            "pw_linear:TotalIncome+Loan_Amount_Term": 0.7136210967783668, 
            "pw_linear:ApplicantIncome-MonthlyLoan_Percentage": 0.6626235395502054, 
            "pw_linear:ApplicantIncome+MonthlyLoan_Percentage": 0.7619484742718304, 
            "pw_linear:ApplicantIncome-Loan_Amount_Term": 0.7002682490554595, 
            "pw_linear:LoanAmount-MonthlyLoan_Percentage": 0.7229073395773314, 
            "pw_linear:CoapplicantIncome+Loan_Amount_Term": 0.7065995907586463, 
            "pw_linear:CoapplicantIncome-Loan_Amount_Term": 0.7076150653540123, 
            "pw_linear:LoanAmount+MonthlyLoan_Percentage": 0.692298958725088, 
            "pw_linear:Loan_Amount_Term-MonthlyLoan_Percentage": 0.5873666904124162, 
            "pw_linear:LoanAmount+MonthlyLoan": 0.549739300498048, 
            "pw_linear:TotalIncome+LoanAmount": 0.5692225003913417, 
            "pw_linear:LoanAmount+ApplicantIncome": 0.5805568889795952, 
            "pw_linear:TotalIncome+MonthlyLoan": 0.602901224356527, 
            "pw_linear:LoanAmount-Loan_Amount_Term": 0.7305780784637201, 
            "pw_linear:MonthlyLoan_MonthTerm_Ratio-Loan_Amount_Term": 0.7059744748390212, 
            "pw_linear:TotalIncome-MonthlyLoan_MonthTerm_Ratio": 0.6857812693188224, 
            "pw_linear:MonthlyLoan-ApplicantIncome": 0.8717418960059596, 
            "pw_linear:TotalIncome-Loan_Amount_Term": 0.7007676677906788,