{
    "usedGridSearch": true, 
    "probaAware": true, 
    "gridSize": 3, 
    "modelInputNRows": 416, 
    "modelInputNCols": 68, 
    "modelInputMemory": 226304, 
    "gridCells": [
        {
            "scoreTimeStd": 0.00648074069840786, 
            "scoreTime": 0.031, 
            "fitTime": 0.015666666666666666, 
            "score": 0.6597141718058563, 
            "params": {
                "penalty": "l1", 
                "alpha": 1e-05, 
                "loss": "log"
            }, 
            "fitTimeStd": 0.0024944382578492943, 
            "scoreStd": 0.06371970178116661
        }, 
        {
            "scoreTimeStd": 0.0033993463423951896, 
            "scoreTime": 0.03933333333333333, 
            "fitTime": 0.017333333333333333, 
            "score": 0.7321413114883892, 
            "params": {
                "penalty": "l1", 
                "alpha": 0.001, 
                "loss": "log"
            }, 
            "fitTimeStd": 0.004642796092394707, 
            "scoreStd": 0.027122115014645336
        }, 
        {
            "scoreTimeStd": 0.0057154760664940825, 
            "scoreTime": 0.017, 
            "fitTime": 0.015666666666666666, 
            "score": 0.7462319972331829, 
            "params": {
                "penalty": "l1", 
                "alpha": 0.0001, 
                "loss": "log"
            }, 
            "fitTimeStd": 0.006018490028422596, 
            "scoreStd": 0.026282240505367038
        }
    ], 
    "lmCoefficients": {
        "interceptStderr": null, 
        "interceptTstat": null, 
        "rescaledInterceptCoef": -2.7482422854477315, 
        "rescaledCoefs": [
            7.003797499593739e-05, 
            -0.0004094521810551317, 
            -5.2190587637573753e-05, 
            0.02108468877665691, 
            0.0018521520194672426, 
            0.023973178463931665, 
            0.5501432624209112, 
            0.0006625994632701599, 
            0.25171749345965516, 
            1.8592201192276288, 
            2.984798297991067, 
            1.9566692489457735, 
            -0.34347160333672555, 
            3.6665094886889222, 
            0.9538254754905734, 
            1.207848321505985, 
            2.085997026077166, 
            3.353780934449419, 
            -1.2104236182551809, 
            2.7754008606714944, 
            0.3282131153175356, 
            1.009168180349945, 
            -4.702700246026449, 
            -2.6241922323952993, 
            -1.3093870260751699, 
            -6.565293436099519, 
            -0.49812047932802084, 
            -3.429622730278964, 
            -4.107526036408466, 
            -4.862831529388389, 
            1.1866341231730098, 
            2.157142151719061, 
            4.014763715769449, 
            0.9521392514583894, 
            2.1433977713261037
        ], 
        "variables": [
            "Loan_Amount_Term", 
            "MonthlyLoan", 
            "MonthlyLoan_MonthTerm_Ratio", 
            "MonthlyLoan_Percentage", 
            "TotalIncome", 
            "pw_linear:TotalIncome+CoapplicantIncome", 
            "pw_linear:TotalIncome-MonthlyLoan", 
            "pw_linear:TotalIncome-MonthlyLoan_MonthTerm_Ratio", 
            "pw_linear:TotalIncome+ApplicantIncome", 
            "pw_linear:TotalIncome+Loan_Amount_Term", 
            "pw_linear:TotalIncome+MonthlyLoan_Percentage", 
            "pw_linear:CoapplicantIncome-MonthlyLoan", 
            "pw_linear:CoapplicantIncome+MonthlyLoan_MonthTerm_Ratio", 
            "pw_linear:CoapplicantIncome-MonthlyLoan_MonthTerm_Ratio", 
            "pw_linear:CoapplicantIncome+ApplicantIncome", 
            "pw_linear:CoapplicantIncome+Loan_Amount_Term", 
            "pw_linear:CoapplicantIncome+MonthlyLoan_Percentage", 
            "pw_linear:LoanAmount-MonthlyLoan", 
            "pw_linear:LoanAmount+MonthlyLoan_MonthTerm_Ratio", 
            "pw_linear:LoanAmount-MonthlyLoan_MonthTerm_Ratio", 
            "pw_linear:LoanAmount+Loan_Amount_Term", 
            "pw_linear:LoanAmount+MonthlyLoan_Percentage", 
            "pw_linear:MonthlyLoan+MonthlyLoan_MonthTerm_Ratio", 
            "pw_linear:MonthlyLoan-ApplicantIncome", 
            "pw_linear:MonthlyLoan-Loan_Amount_Term", 
            "pw_linear:MonthlyLoan-MonthlyLoan_Percentage", 
            "pw_linear:MonthlyLoan_MonthTerm_Ratio+ApplicantIncome", 
            "pw_linear:MonthlyLoan_MonthTerm_Ratio-ApplicantIncome", 
            "pw_linear:MonthlyLoan_MonthTerm_Ratio-Loan_Amount_Term", 
            "pw_linear:MonthlyLoan_MonthTerm_Ratio-MonthlyLoan_Percentage", 
            "pw_linear:ApplicantIncome+Loan_Amount_Term", 
            "pw_linear:ApplicantIncome+MonthlyLoan_Percentage", 
            "pw_linear:Loan_Amount_Term+MonthlyLoan_Percentage", 
            "dummy:Credit_History:1", 
            "dummy:Credit_History:0"
        ], 
        "interceptCoef": 8.236181353576688, 
        "interceptPvalue": null, 
        "coefs": [
            0.4133452010952131, 
            -1.1113799789932401, 
            -3.905060957618087, 
            1.3570452640696133, 
            0.653145185150549, 
            0.877037202506422, 
            3.6085887373558534, 
            4.0809678232960245, 
            0.25171749345965516, 
            1.8592201192276288, 
            2.984798297991067, 
            1.9566692489457735, 
            -0.34347160333672555, 
            3.6665094886889222, 
            0.9538254754905734, 
            1.207848321505985, 
            2.085997026077166, 
            3.353780934449419, 
            -1.2104236182551809, 
            2.7754008606714944, 
            0.3282131153175356, 
            1.009168180349945, 
            -4.702700246026449, 
            -2.6241922323952993, 
            -1.3093870260751699, 
            -6.565293436099519, 
            -0.49812047932802084, 
            -3.429622730278964, 
            -4.107526036408466, 
            -4.862831529388389, 
            1.1866341231730098, 
            2.157142151719061, 
            4.014763715769449, 
            0.9521392514583894, 
            2.1433977713261037
        ]
    }, 
    "gridBestScore": 0.7462319972331829, 
    "modelInputIsSparse": false
}