{
    "shifts": [
        99897648.29127003, 
        79.98897797386715, 
        8.67628836254691, 
        8656505.972522749, 
        26.637529896224386, 
        -4.498753549796501, 
        30344324561.403507, 
        373.461665126189, 
        11.778483982876894, 
        558506.2609649122, 
        20.82460849844088, 
        5.977808777482772, 
        77504685.2258772, 
        69.75590760160122, 
        8.375239029643659, 
        120991.8947368421, 
        18.367217545499194, 
        5.800594392602046, 
        140.9829270227934, 
        2.683460668450614, 
        1.9066906026151365, 
        0.8328713023522873, 
        0.8505082041301699, 
        -2.6402477876682355
    ], 
    "columns": [
        "NUM_DERIVATIVE:TotalIncome^2", 
        "NUM_DERIVATIVE:sqrt(TotalIncome)", 
        "NUM_DERIVATIVE:log(TotalIncome)", 
        "NUM_DERIVATIVE:CoapplicantIncome^2", 
        "NUM_DERIVATIVE:sqrt(CoapplicantIncome)", 
        "NUM_DERIVATIVE:log(CoapplicantIncome)", 
        "NUM_DERIVATIVE:LoanAmount^2", 
        "NUM_DERIVATIVE:sqrt(LoanAmount)", 
        "NUM_DERIVATIVE:log(LoanAmount)", 
        "NUM_DERIVATIVE:MonthlyLoan^2", 
        "NUM_DERIVATIVE:sqrt(MonthlyLoan)", 
        "NUM_DERIVATIVE:log(MonthlyLoan)", 
        "NUM_DERIVATIVE:ApplicantIncome^2", 
        "NUM_DERIVATIVE:sqrt(ApplicantIncome)", 
        "NUM_DERIVATIVE:log(ApplicantIncome)", 
        "NUM_DERIVATIVE:Loan_Amount_Term^2", 
        "NUM_DERIVATIVE:sqrt(Loan_Amount_Term)", 
        "NUM_DERIVATIVE:log(Loan_Amount_Term)", 
        "NUM_DERIVATIVE:MonthlyLoan_Percentage^2", 
        "NUM_DERIVATIVE:sqrt(MonthlyLoan_Percentage)", 
        "NUM_DERIVATIVE:log(MonthlyLoan_Percentage)", 
        "NUM_DERIVATIVE:Credit_History^2", 
        "NUM_DERIVATIVE:sqrt(Credit_History)", 
        "NUM_DERIVATIVE:log(Credit_History)"
    ], 
    "inv_scales": [
        2.4222583384122904e-09, 
        0.03602870544954118, 
        1.7906410995650586, 
        1.7275037411525703e-08, 
        0.03527502125795166, 
        0.07657567428885975, 
        1.959449645397798e-11, 
        0.009999965478623207, 
        1.9224943648793726, 
        2.403515190694734e-07, 
        0.13275797802924916, 
        1.6969405956846002, 
        2.4748581052754416e-09, 
        0.03554851492263234, 
        1.5547304458472015, 
        2.9345093344086913e-05, 
        0.4674526434200169, 
        3.086533503793047, 
        0.0009694252041050945, 
        1.1920671687589384, 
        1.9802707405579905, 
        2.863622188267855, 
        2.8744902164041326, 
        0.15524744661644696
    ]
}